Cas,pam,PAM,rPAM
SpCas9,NGG,GG,CC
VRER-SpCas9,NGCG,GCG,CGC
EQR-SpCas9,NGAG,GAG,CTC
VQR-SpCas9,NGAN,GA,TC
VQR-SpCas9,NGAG,GAG,CTC
VQR-SpCas9,NGCG,GCG,CGC
VQR-SpCas9,NGGG,GGG,CCC
VQR-SpCas9,NGTG,GTG,CAC
SpCas9-NG,NG,G,C
xCas9,NG,G,C
SpCas9-NRRH,NAAA,AAA,TTT
SpCas9-NRRH,NAAC,AAC,GTT
SpCas9-NRRH,NAAT,AAT,ATT
SpCas9-NRRH,NAGA,AGA,TCT
SpCas9-NRRH,NAGC,AGC,GCT
SpCas9-NRRH,NAGT,AGT,ACT
SpCas9-NRRH,NGAA,GAA,TTC
SpCas9-NRRH,NGAC,GAC,GTC
SpCas9-NRRH,NGAT,GAT,ATC
SpCas9-NRRH,NGG,GG,CC
SpCas9-NRTH,NATA,ATA,TAT
SpCas9-NRTH,NATC,ATC,GAT
SpCas9-NRTH,NATT,ATT,AAT
SpCas9-NRTH,NGTA,GTA,TAC
SpCas9-NRTH,NGTC,GTC,GAC
SpCas9-NRTH,NGTT,GTT,AAC
SpCas9-NRTH,GG,GG,CC
SpCas9-NRCH,NACA,ACA,TGT
SpCas9-NRCH,NACC,ACC,GGT
SpCas9-NRCH,NACT,ACT,AGT
SpCas9-NRCH,NGCA,GCA,TGC
SpCas9-NRCH,NGCC,GCC,GGC
SpCas9-NRCH,NGCT,GCT,AGC
SpCas9-NRCH,GG,GG,CC
SaCas9,NNGAAT,GAAT,ATTC
SaCas9,NNGAGT,GAGT,ACTC
SaCas9,NNGGAT,GGAT,ATCC
SaCas9,NNGGGT,GGGT,ACCC
KKH-SaCas9,NNNAAT,AAT,ATT
KKH-SaCas9,NNNAGT,AGT,ACT
KKH-SaCas9,NNNGAT,GAT,ATC
KKH-SaCas9,NNNGGT,GGT,ACC
NmCas9,NNNNGATT,GATT,AATC
St1Cas9,NNAGAAA,AGAAA,TTTCT
St1Cas9,NNAGAAT,AGAAT,ATTCT
St1Cas9,NNAGAAG,AGAAG,CTTCT
St1Cas9,NNGGAAA,GGAAA,TTTCC
St1Cas9,NNGGAAT,GGAAT,ATTCC
St1Cas9,NNGGAAG,GGAAG,CTTCC
St3Cas9,NGGAG,GGAG,CTCC
St3Cas9,NGGCG,GGCG,CGCC
St3Cas9,NGGGG,GGGG,CCCC
St3Cas9,NGGTG,GGTG,CACC
TdCas9,NAAAAC,AAAAC,GTTTT
SpaCas9,NNGCAA,GCAA,TTGC
SpaCas9,NNGCGA,GCGA,TCGC
SpaCas9,NNGTAA,GTAA,TTAC
SpaCas9,NNGTGA,GTGA,TCAC
AsCas12a,TTTA,TTTA,TAAA
AsCas12a,TTTC,TTTC,GAAA
AsCas12a,TTTG,TTTG,CAAA
RVR-AsCas12a,TATA,TATA,TATA
RVR-AsCas12a,TATC,TATC,GATA
RVR-AsCas12a,TATG,TATG,CATA
RR-AsCas12a,TCCA,TCCA,TGGA
RR-AsCas12a,TTCA,TTCA,TGAA
RR-AsCas12a,TCCC,TCCC,GGGA
RR-AsCas12a,TTCC,TTCC,GGAA
RR-AsCas12a,TCCG,TCCG,CGGA
RR-AsCas12a,TTCG,TTCG,CGAA
enAsCas12a,TATA,TATA,TATA
enAsCas12a,TATC,TATC,GATA
enAsCas12a,TATG,TATG,CATA
enAsCas12a,TGTA,TGTA,TACA
enAsCas12a,TGTC,TGTC,GACA
enAsCas12a,TGTG,TGTG,CACA
enAsCas12a,ATTA,ATTA,TAAT
enAsCas12a,ATTC,ATTC,GAAT
enAsCas12a,ATTG,ATTG,CAAT
enAsCas12a,CTTA,CTTA,TAAG
enAsCas12a,CTTC,CTTC,GAAG
enAsCas12a,CTTG,CTTG,CAAG
enAsCas12a,GTTA,GTTA,TAAC
enAsCas12a,GTTC,GTTC,GAAC
enAsCas12a,GTTG,GTTG,CAAC
enAsCas12a,TTTT,TTTT,AAAA
enAsCas12a,TTTA,TTTA,TAAA
enAsCas12a,TTTC,TTTC,GAAA
enAsCas12a,TTTG,TTTG,CAAA
enAsCas12a,TTCN,TTC,GAA
FnCas12a,TT,TT,AA
FnCas12a,CT,CT,AG